gen,AVG,STD,MIN,MAX
0,0.040252,0.0123789,0.009843737,0.070152633
1,0.058488033,0.00946528,0.032024067,0.0722671
2,0.0707802,0.007509327,0.054017767,0.083855633
3,0.101441633,0.009959773,0.078865867,0.114231
4,0.111403,0.00627872,0.095559433,0.11897
5,0.118585,0.00494958,0.106981433,0.129138
6,0.150029333,0.008656163,0.129440667,0.162959667
7,0.161299333,0.00713174,0.14305,0.173521667
8,0.167926667,0.005617277,0.148264667,0.17607
9,0.173735333,0.005896837,0.143829667,0.179947667
10,0.177949333,0.002906043,0.172376667,0.182905
11,0.181032667,0.003304837,0.174749333,0.188089333
12,0.185622667,0.004781163,0.173986667,0.196471667
13,0.191822667,0.00645667,0.181578667,0.205444
14,0.199404667,0.00662939,0.186346667,0.206023667
15,0.189817667,0.002959563,0.179422,0.194119
16,0.193028333,0.00189677,0.188185,0.194453
17,0.194492667,0.00145276,0.190058333,0.196844333
18,0.172838667,0.00348355,0.16773,0.178534333
19,0.180048333,0.005770413,0.167952,0.190373
20,0.188488,0.005937487,0.175130333,0.199700667
21,0.167857667,0.008984297,0.149706333,0.182461667
22,0.179143333,0.007317017,0.163419667,0.193695667
23,0.187494333,0.008140213,0.162955333,0.202257
24,0.088277633,0.00817965,0.069693333,0.094917533
25,0.094817233,0.004037723,0.080046933,0.105141067
26,0.101141567,0.00664243,0.088286567,0.113847
27,0.160368,0.005365867,0.137008,0.163993
28,0.163929667,0.002188443,0.158286,0.170453333
29,0.166432667,0.00334995,0.161601667,0.173351
30,0.174227,0.003227727,0.167319667,0.179114
31,0.178585667,0.003493047,0.172871667,0.186480667
32,0.182734333,0.00386512,0.177408,0.189746333
33,0.166942333,0.011079247,0.143580667,0.184081
34,0.181286,0.009362167,0.158510667,0.197027667
35,0.192661,0.0085304,0.175947333,0.210742
36,0.0950467,0.008734573,0.0752128,0.109554533
37,0.103333267,0.007734127,0.083389733,0.113735333
38,0.111143,0.00578443,0.099465067,0.119431333
39,0.0833384,0.005533473,0.0680118,0.092736167
40,0.088602967,0.00530043,0.080269667,0.096981267
41,0.094551267,0.00360929,0.083133267,0.0975963
42,0.158575,0.01145342,0.135325,0.175415
43,0.174730667,0.00916731,0.149034333,0.191256333
44,0.184022667,0.0071415,0.166864667,0.196893333
45,0.112234133,0.008306583,0.094387167,0.123860433
46,0.121956433,0.005739963,0.1038277,0.127767233
47,0.1276223,0.003709103,0.118311633,0.135598667
48,0.180276,0.00645464,0.166911333,0.194355333
49,0.190605333,0.007405303,0.175992,0.202476
50,0.202233333,0.00949099,0.189144667,0.224519333
51,0.074785833,0.007243247,0.057539967,0.089290967
52,0.083833933,0.006146653,0.070886333,0.0943115
53,0.092812,0.005122323,0.0805228,0.09968
54,0.080145633,0.00521512,0.0677542,0.0873481
55,0.0857098,0.003756301,0.0791967,0.091519833
56,0.0899948,0.002809616,0.082061167,0.093897767
57,0.121041867,0.002290569,0.117149933,0.123796367
58,0.122577933,0.002871473,0.1108525,0.126554367
59,0.125651233,0.002869177,0.1223986,0.130466333
60,0.142764333,0.004203183,0.133806667,0.147033
61,0.146314,0.00363418,0.139025667,0.156119667
62,0.151686333,0.004786763,0.144790667,0.156119667
63,0.147730333,0.002363577,0.143516,0.151540333
64,0.151357,0.002438957,0.145942,0.158179333
65,0.154031333,0.003878197,0.139546,0.161350333
66,0.153825667,0.002329593,0.148367333,0.155824333
67,0.156274,0.001829335,0.151222667,0.160731333
68,0.157925667,0.002101453,0.151986333,0.160731333
69,0.157908333,0.003797025,0.144292,0.161914667
70,0.160646667,0.002126123,0.154513333,0.163025
71,0.161372667,0.003191341,0.140355,0.163025
72,0.133510667,0.010813873,0.121911667,0.163547333
73,0.156438,0.0150087,0.12838,0.189922
74,0.175567,0.014642,0.146024667,0.194815667
75,0.190728667,0.01511,0.147453333,0.207964333
76,0.203773333,0.006793883,0.191407333,0.214228667
77,0.211520333,0.00552522,0.188606667,0.218123333
78,0.0716121,0.00352565,0.058900467,0.076608733
79,0.077635567,0.00643754,0.0717878,0.095697933
80,0.089106267,0.00863541,0.072064233,0.1011459
81,0.123446333,0.007089903,0.105792633,0.131941
82,0.131256333,0.0052998,0.119145667,0.143174667
83,0.138673667,0.005777183,0.128592667,0.149467
84,0.155887333,0.01587017,0.121344333,0.176840333
85,0.173771667,0.00809638,0.148614,0.182649
86,0.183150667,0.00603372,0.163579,0.192853
87,0.083258633,0.008223177,0.068549233,0.096634867
88,0.0952682,0.006842,0.073985933,0.1015572
89,0.101154033,0.003067533,0.092397467,0.107289
90,0.148960333,0.013515583,0.128069333,0.179372667
91,0.169751667,0.012726627,0.140216333,0.186037667
92,0.184338,0.00657807,0.160236,0.194478
93,0.175995333,0.009536213,0.151766667,0.184675667
94,0.18455,0.004320898,0.170870667,0.192663667
95,0.19067,0.00515607,0.181570333,0.199699
96,0.059138167,0.006074867,0.046358067,0.0697323
97,0.067738433,0.00505173,0.057221967,0.074643767
98,0.0738026,0.005075477,0.061504233,0.082038033
99,0.080544133,0.004018107,0.068891633,0.087052167
100,0.084845433,0.00373954,0.078261667,0.094769167
101,0.0895804,0.00484794,0.080144567,0.096039333
102,0.130733667,0.005237967,0.113453,0.138646
103,0.136221,0.004060067,0.128953333,0.142966333
104,0.140585333,0.00376106,0.129283667,0.146079667
105,0.0956356,0.006638283,0.074121167,0.102108367
106,0.100612133,0.002601667,0.095396033,0.103720733
107,0.102682167,0.001364362,0.099554033,0.1038354
108,0.103400067,0.00116349,0.101677433,0.107551167
109,0.105192367,0.001707427,0.1029131,0.107551167
110,0.106842567,0.002341283,0.098866733,0.109791
111,0.104267433,0.002037703,0.100545033,0.1078897
112,0.105970133,0.002396023,0.096933167,0.109733
113,0.107779333,0.00215583,0.098665033,0.109985
114,0.128617333,0.009741307,0.107499533,0.147391667
115,0.146517667,0.00942053,0.126789333,0.166563
116,0.160638667,0.008191237,0.142786,0.173749333
117,0.151763333,0.009564893,0.131268,0.168871333
118,0.164168,0.008503753,0.144744,0.181495333
119,0.176007,0.00946243,0.156244667,0.196097667
120,0.092747633,0.00832457,0.0798701,0.107964167
121,0.1053952,0.009056677,0.0884713,0.120634333
122,0.115461333,0.006746833,0.0973055,0.122528
123,0.093819167,0.006850017,0.0774661,0.106211833
124,0.102261567,0.00611766,0.089662167,0.111704
125,0.109118667,0.00446865,0.099319833,0.117687
126,0.137591333,0.00596301,0.120994667,0.144876333
127,0.143016333,0.004483183,0.131136333,0.15073
128,0.148361667,0.004467743,0.13968,0.158103667
129,0.076722067,0.004580153,0.065169833,0.082978067
130,0.081433433,0.00412997,0.065633033,0.086578933
131,0.0845581,0.002805077,0.080776867,0.091189633
132,0.122500667,0.014186533,0.104467467,0.149233333
133,0.148637667,0.015789733,0.121428,0.176976
134,0.169897667,0.013554337,0.138886,0.19245
135,0.049075333,0.00722907,0.034234,0.0610321
136,0.0575181,0.00559178,0.045774,0.064306
137,0.062525,0.002766503,0.050365633,0.065397233
138,0.157282667,0.009713937,0.144036667,0.178440333
139,0.170264667,0.010397977,0.149799667,0.184604
140,0.181421333,0.008154817,0.153803,0.195165667
141,0.178801333,0.01160553,0.1514,0.206124667
142,0.192773333,0.011633943,0.170355667,0.208570333
143,0.204546,0.007003053,0.183692333,0.212661333
144,0.208079667,0.004756663,0.197059667,0.217517333
145,0.213829,0.005559273,0.203085667,0.222475333
146,0.220782,0.004894287,0.207664,0.227416667
147,0.201005,0.006647747,0.185557,0.213348333
148,0.207919,0.005815747,0.190185667,0.213348333
149,0.212689,0.004704417,0.201045333,0.22069
150,0.218394,0.00303996,0.212928333,0.221269667
151,0.220937333,0.002533353,0.209678333,0.222966667
152,0.223167333,0.002113615,0.218462333,0.228270667
153,0.064117467,0.009153707,0.052731033,0.085650133
154,0.077951167,0.00985294,0.0570543,0.090988133
155,0.0889272,0.00686969,0.071408,0.0983022
156,0.144615333,0.017864,0.109273433,0.175887
157,0.166948667,0.009976873,0.144292,0.177355
158,0.176599667,0.006431593,0.161408,0.190211
159,0.0612541,0.00440606,0.048237167,0.071522167
160,0.067309033,0.004919267,0.057883667,0.075447367
161,0.073645167,0.004140437,0.064520333,0.0832076
162,0.149061333,0.013982397,0.118653667,0.171204667
163,0.167496,0.01027165,0.137311333,0.180109
164,0.178184333,0.00614707,0.162849333,0.191642667
165,0.170823667,0.008464797,0.155401667,0.183565
166,0.181835,0.006395313,0.165340667,0.199281333
167,0.188666,0.006626583,0.172987667,0.203203333
168,0.083777533,0.00927244,0.062896567,0.0985116
169,0.094123267,0.006943037,0.0736009,0.101253167
170,0.1004471,0.004536217,0.088195867,0.111462
171,0.07849,0.00315456,0.071457633,0.085200467
172,0.083912767,0.005072743,0.075250167,0.093887633
173,0.0901466,0.004635737,0.076752233,0.095254633
174,0.105753767,0.003958823,0.0922833,0.110614467
175,0.109394867,0.00203803,0.105038,0.1122894
176,0.111844367,0.002857362,0.103442,0.116546567
177,0.116762667,0.004740206,0.1087593,0.120939
178,0.121102667,0.003492207,0.110708667,0.128030333
179,0.124416667,0.003285802,0.119557,0.128095
180,0.130490333,0.015254877,0.106845233,0.157625
181,0.153271667,0.012691157,0.116994867,0.172910333
182,0.167122,0.00851814,0.143685333,0.175272
183,0.114003667,0.007202213,0.097172867,0.129234
184,0.123842667,0.007317963,0.112881,0.137323
185,0.133027333,0.005850717,0.118653667,0.139267333
186,0.136904,0.00641398,0.115159,0.145193667
187,0.141989333,0.004206273,0.130654333,0.148791333
188,0.146021,0.00452407,0.129047333,0.148791333
189,0.134652,0.003967985,0.126599667,0.138855333
190,0.137925,0.002322047,0.128083667,0.139799667
191,0.138931667,0.003317239,0.1191341,0.142194667
192,0.136127667,0.012890773,0.118176333,0.168105
193,0.159002,0.013780033,0.130334,0.177684667
194,0.173402667,0.008414217,0.148441,0.182075333
195,0.163688,0.00886533,0.147233667,0.178509667
196,0.176542,0.007038337,0.156171,0.189121
197,0.186577,0.00770562,0.176822333,0.205634333
198,0.174641667,0.007862303,0.158762333,0.186815667
199,0.184256333,0.006435923,0.165128667,0.193817
200,0.190649667,0.004746957,0.172860667,0.198421
201,0.197189333,0.00869016,0.173207333,0.208830667
202,0.205277,0.00545573,0.187389667,0.213470667
203,0.211984333,0.005755525,0.200783333,0.226757667
204,0.085738933,0.009104717,0.070680267,0.106981433
205,0.098722133,0.00764978,0.085770267,0.111725667
206,0.109230333,0.005944487,0.095433767,0.118984667
207,0.110428,0.00457451,0.095350267,0.122101333
208,0.117679667,0.00642718,0.1069249,0.132006333
209,0.127448667,0.006307867,0.112516333,0.136534333
210,0.153191333,0.018334567,0.106732333,0.173927667
211,0.170652667,0.00808829,0.142581667,0.177475667
212,0.175642,0.002022693,0.169316667,0.179687
213,0.135337,0.012381393,0.113403333,0.157006667
214,0.153264333,0.010912763,0.127238333,0.170298
215,0.167411667,0.009351737,0.146932,0.185448
216,0.100782033,0.007009167,0.0869404,0.113969
217,0.110688,0.006315757,0.094365567,0.121623
218,0.118839,0.00612896,0.1068433,0.131816667
219,0.160508667,0.01321384,0.122338,0.177011333
220,0.174584667,0.008094553,0.152954,0.188184333
221,0.182426667,0.005283646,0.174507,0.189644667
222,0.177504333,0.006597667,0.163655667,0.192021333
223,0.186961333,0.008957313,0.170822,0.209720333
224,0.201845,0.010903337,0.178948667,0.216420333
225,0.215357333,0.00843769,0.196278,0.231026333
226,0.226345333,0.007235263,0.199216333,0.231389333
227,0.230256667,0.00543137,0.204375667,0.23772
228,0.195339333,0.006274062,0.178043667,0.207923333
229,0.201897333,0.006356963,0.187062,0.214006667
230,0.210466667,0.006444683,0.195329667,0.217253
231,0.047809233,0.004351077,0.037715933,0.0568644
232,0.0562905,0.006646993,0.045757533,0.0714672
233,0.0663458,0.007214153,0.0508071,0.076862333
234,0.097294433,0.007122787,0.0764011,0.108073
235,0.105492667,0.004774267,0.091071,0.115589
236,0.113138333,0.00622497,0.102887667,0.124812
237,0.12497,0.008571757,0.108028867,0.134617
238,0.132921333,0.00381177,0.118352667,0.137806667
239,0.136351667,0.004100617,0.124447333,0.144397333
240,0.090818033,0.003357953,0.081864667,0.098481033
241,0.094747033,0.00421293,0.084439433,0.100443633
242,0.099478533,0.0037364,0.0909061,0.107956133
243,0.125853667,0.005514463,0.115356,0.136714
244,0.130921667,0.004752951,0.123100333,0.137136667
245,0.139176,0.007291497,0.127081,0.154054333
246,0.113524333,0.007871503,0.0880684,0.120699467
247,0.119258167,0.002934473,0.109629633,0.122692333
248,0.121684,0.00131278,0.1184645,0.122692333
249,0.147690667,0.005373107,0.127562133,0.150743
250,0.150609667,0.001852669,0.144146667,0.152464667
251,0.151254,0.003082583,0.134791,0.152776
252,0.16182,0.002564167,0.158566333,0.165610333
253,0.164915,0.002464445,0.159762333,0.168706
254,0.166686667,0.001996047,0.159762333,0.168708667
255,0.161597,0.003315393,0.146671667,0.165718
256,0.164177667,0.002912693,0.157869667,0.171041
257,0.167173667,0.003342793,0.161799333,0.171041
258,0.122183667,0.003231739,0.106806067,0.125122333
259,0.124325333,0.00265741,0.113919,0.128075333
260,0.125585,0.002865231,0.111208567,0.128075333
261,0.136593,0.003481649,0.131182,0.144661667
262,0.140276,0.00262057,0.133454667,0.144661667
263,0.143478333,0.00207212,0.139332333,0.145103
264,0.145352667,0.001135488,0.144131333,0.147798
265,0.147054333,0.00180351,0.144913,0.150619667
266,0.149391,0.002287127,0.146208,0.153219
267,0.130985,0.01243453,0.114819333,0.155935333
268,0.150739,0.011474833,0.120888333,0.167033
269,0.163987667,0.007017047,0.139769667,0.172483667
270,0.166938,0.007431033,0.152025,0.183006
271,0.178646333,0.00945844,0.163211667,0.192791333
272,0.190845667,0.00746517,0.169599667,0.203994
273,0.0909782,0.009682707,0.0732705,0.104559067
274,0.1027768,0.00629924,0.088307133,0.116427
275,0.110847,0.00641137,0.0991709,0.124096667
276,0.0828767,0.006315033,0.0605619,0.0928987
277,0.089128233,0.004106813,0.075150267,0.0943417
278,0.093396667,0.003075717,0.079089133,0.1007432
279,0.157517667,0.01329603,0.137276,0.18477
280,0.178109667,0.016018023,0.143177667,0.19733
281,0.196537667,0.007678157,0.168142667,0.210243667
282,0.122316333,0.00493601,0.112912167,0.130305
283,0.131158667,0.008263287,0.116460733,0.144399667
284,0.140122333,0.00688662,0.123446,0.147073
285,0.149856,0.003932097,0.142764667,0.157566333
286,0.155063333,0.0038141,0.146062333,0.164643
287,0.159724667,0.006606857,0.135903667,0.168503667
288,0.147033667,0.00945861,0.128259,0.165926333
289,0.165658,0.013577227,0.140144333,0.192599
290,0.184351667,0.011356087,0.159283,0.196385
291,0.191214667,0.007947667,0.172487667,0.204628333
292,0.199473,0.00786994,0.178443,0.210371333
293,0.206859667,0.00573027,0.187321667,0.214346667
294,0.1000679,0.007608337,0.084008,0.11587
295,0.110640667,0.0074423,0.0979784,0.121591667
296,0.118099333,0.00475705,0.105939333,0.124298
297,0.080950267,0.00515626,0.067521867,0.091839
298,0.086258167,0.004371402,0.079551233,0.093912233
299,0.091470333,0.003275005,0.0825152,0.094175533
300,0.146023,0.008594013,0.123700333,0.163914667
301,0.16314,0.012065227,0.139618,0.192102667
302,0.178582667,0.01415259,0.14949,0.199659
303,0.115621333,0.010027693,0.091616433,0.129576667
304,0.125518333,0.006194827,0.1064074,0.133339
305,0.131556,0.003355907,0.120015,0.134950333
306,0.120547667,0.00574311,0.1058264,0.125740333
307,0.124863667,0.002360572,0.114093967,0.126798667
308,0.126807,0.00216055,0.12271,0.133200667
309,0.101333733,0.006188017,0.093157733,0.112202667
310,0.108893,0.005699967,0.096920867,0.116026
311,0.112637667,0.003386827,0.095506867,0.116827667
312,0.140102,0.011292903,0.123227667,0.166476333
313,0.159387,0.010987423,0.133982333,0.173520667
314,0.17288,0.00971181,0.147314,0.192407
315,0.177519,0.00944248,0.154522333,0.196799333
316,0.185624,0.00668445,0.167622667,0.198635
317,0.194144,0.007222252,0.182207,0.205227
318,0.132244667,0.006490737,0.112259333,0.140202
319,0.138978667,0.005863703,0.123356333,0.148452
320,0.146377333,0.004618217,0.133555,0.154191333
321,0.148317333,0.011701003,0.124484,0.169574667
322,0.164761333,0.009101417,0.147044667,0.177191667
323,0.175192,0.006380187,0.159649333,0.190362
324,0.169453,0.00948207,0.151421667,0.178923667
325,0.178272667,0.004623007,0.163659,0.18425
326,0.185013667,0.00644903,0.177861333,0.199337
327,0.065164867,0.004536557,0.054662833,0.0723866
328,0.072457533,0.00507282,0.061716,0.084477033
329,0.079291867,0.006102483,0.0635307,0.0881674
330,0.156018,0.016391247,0.127224333,0.177192
331,0.175095333,0.013392133,0.139277333,0.197065
332,0.187479667,0.007593613,0.170034,0.198149333
333,0.190180667,0.005998603,0.169073667,0.199656667
334,0.196823333,0.004090977,0.184851667,0.202705667
335,0.200613667,0.00400106,0.182418,0.204532333
336,0.070554533,0.005574517,0.061403833,0.0844927
337,0.080152367,0.00675724,0.0678654,0.0928042
338,0.088147633,0.006664763,0.074338067,0.100679667
339,0.081997933,0.005053037,0.0636828,0.087975
340,0.086522967,0.004444913,0.075631333,0.093886567
341,0.090963,0.003597203,0.083069967,0.095975067
342,0.128855667,0.012948363,0.106942033,0.150989333
343,0.147654667,0.00996017,0.119245667,0.162053333
344,0.159994333,0.00691227,0.143071667,0.169758333
345,0.075403267,0.007997353,0.058047067,0.087071267
346,0.0837608,0.005850877,0.0651884,0.091613833
347,0.089585067,0.00376389,0.076356433,0.093789133
348,0.082696033,0.002431033,0.0765341,0.085759033
349,0.0859755,0.003451877,0.078187167,0.094899333
350,0.089562233,0.003469257,0.0812063,0.095811
351,0.157724667,0.01799961,0.120614,0.182815333
352,0.176166333,0.010785923,0.148233667,0.190129
353,0.18749,0.006147357,0.175381667,0.197474667
354,0.091806133,0.009846917,0.064348667,0.101476167
355,0.099764733,0.00387521,0.087897267,0.106818567
356,0.102715067,0.003116147,0.096125333,0.1085462
357,0.140813333,0.009236897,0.123683,0.154996
358,0.149915333,0.00669944,0.125335333,0.159147667
359,0.156675333,0.003784823,0.144072333,0.160481333
360,0.156859667,0.00888082,0.139151333,0.174096667
361,0.169921667,0.008104257,0.149782333,0.179561667
362,0.182204333,0.009676047,0.165726,0.202586667
363,0.089161533,0.00570062,0.076170567,0.099252033
364,0.095428867,0.005433607,0.0855109,0.102292667
365,0.101558,0.004708103,0.089649333,0.110105333
366,0.133244667,0.004974147,0.120193,0.143049
367,0.141065333,0.006175993,0.125215,0.148324667
368,0.146848,0.003615797,0.133855333,0.149710667
369,0.09136,0.002400623,0.081266733,0.094282367
370,0.093244967,0.00186453,0.090795133,0.098532667
371,0.096384333,0.003350423,0.0860915,0.101535067
372,0.167291333,0.00585663,0.141336667,0.170815667
373,0.170606333,0.000956649,0.16768,0.171953333
374,0.17106,0.00226294,0.159573667,0.171953333
375,0.119956,0.001795297,0.118788,0.124401667
376,0.122226,0.002509237,0.119015667,0.125923
377,0.124574,0.003352443,0.109680367,0.126557667
378,0.149898,0.010984917,0.133334667,0.174422
379,0.168800667,0.009500807,0.144832,0.185229333
380,0.180205667,0.007321043,0.165234333,0.196513667
381,0.095439267,0.010425833,0.068035333,0.104690267
382,0.102935767,0.00317385,0.0919889,0.108267067
383,0.1068922,0.00262388,0.097845033,0.111770733
384,0.169027667,0.006477747,0.153111,0.177687
385,0.176558333,0.007610517,0.155554667,0.195197667
386,0.185741333,0.008830557,0.17155,0.198829333
387,0.171095,0.006691663,0.152194333,0.17891
388,0.177853333,0.00396461,0.170790667,0.186120333
389,0.182910333,0.004627797,0.174858667,0.193824667
390,0.059059,0.004901413,0.0503604,0.067380133
391,0.064991533,0.003640063,0.056223933,0.069371067
392,0.070927567,0.00525434,0.0627791,0.084792133
393,0.109361,0.007043303,0.091432767,0.116662667
394,0.114795333,0.004151423,0.1004841,0.119668
395,0.118547333,0.00348524,0.109127,0.127028333
396,0.162704,0.00988743,0.143599667,0.178111333
397,0.173604667,0.005769963,0.162085,0.183858333
398,0.183315,0.006693987,0.173089667,0.200075333
399,0.1087091,0.006603467,0.093473367,0.114752467
400,0.115232833,0.002939077,0.111122833,0.122638467
401,0.1216326,0.005356293,0.113677467,0.134417333
402,0.132385333,0.00729563,0.112070767,0.146122333
403,0.139356333,0.007589867,0.111510667,0.150060667
404,0.146647,0.005055747,0.135481667,0.155043667
405,0.157479333,0.003821667,0.150754,0.164845667
406,0.162260667,0.00323067,0.153998333,0.167413667
407,0.166831,0.003929506,0.161797667,0.175039333
408,0.175381,0.004551097,0.166027667,0.188040333
409,0.18097,0.005315977,0.172855333,0.188727333
410,0.186469333,0.005100347,0.170042,0.192179667
411,0.121754667,0.00145896,0.114732333,0.123223667
412,0.122640667,0.000535443,0.121966667,0.123223667
413,0.123242,0.000318394,0.122187667,0.124020667
414,0.144856333,7.82E-05,0.144767667,0.144999
415,0.145113,0.000253137,0.144767667,0.145652
416,0.146254667,0.002123983,0.144999,0.153151667
417,0.1060869,0.002078867,0.1019793,0.108065
418,0.107840767,0.001191533,0.1039401,0.111451333
419,0.109037,0.001510073,0.108065,0.111451333
420,0.170189,0.00085054,0.16794,0.170637667
421,0.170306667,0.002317133,0.154086667,0.170637667
422,0.170637667,9.25E-18,0.170637667,0.170637667
423,0.106677933,0.00053941,0.1065678,0.109320333
424,0.107191667,0.001638643,0.1031608,0.109320333
425,0.109093333,0.002059041,0.1065678,0.112760667
426,0.138101667,0.008734857,0.125340333,0.155643333
427,0.151060333,0.007396803,0.134023333,0.164480667
428,0.160719,0.00587327,0.146646333,0.170489333
429,0.145748667,0.012064541,0.123124067,0.158665667
430,0.157550333,0.005329643,0.134648667,0.163438333
431,0.162460667,0.004518007,0.154477,0.172373667
432,0.162590333,0.006753587,0.144986667,0.178636667
433,0.171920667,0.007141573,0.159857,0.185281
434,0.182928333,0.005826003,0.16672,0.191392333
435,0.0827679,0.00605898,0.065801567,0.0912343
436,0.0877585,0.004714513,0.0774841,0.097776133
437,0.092478933,0.003689122,0.0857769,0.0988311
438,0.080026033,0.00341162,0.072825867,0.089757167
439,0.085325633,0.00471505,0.0793513,0.0924094
440,0.090463833,0.00425613,0.081290733,0.096199033
441,0.131603,0.012224903,0.112127333,0.153306667
442,0.155847333,0.011995213,0.126752,0.178774333
443,0.174131333,0.008662413,0.152789,0.182691667
444,0.0788056,0.011247623,0.05088,0.094075633
445,0.089063733,0.006305997,0.072641967,0.0945273
446,0.093633467,0.003114107,0.082877233,0.098639267
447,0.116989667,0.004097826,0.099324033,0.118597
448,0.118186333,0.00206195,0.104496733,0.120151333
449,0.119301667,0.00156073,0.118246333,0.122452333
450,0.097797,0.000542752,0.096746567,0.098610933
451,0.098160367,0.000434588,0.096912167,0.098610933
452,0.0989779,0.001314322,0.0979572,0.102095433
453,0.147614,0.013156413,0.128663667,0.179315667
454,0.168745667,0.012622333,0.143892667,0.182999667
455,0.180428667,0.008506427,0.153042333,0.191447
456,0.182580667,0.010811687,0.158298,0.195224
457,0.192009333,0.004407917,0.179878,0.199373667
458,0.197283333,0.003844803,0.189927333,0.203605
459,0.0712247,0.006583773,0.057297367,0.083009167
460,0.078215233,0.0056167,0.0647234,0.087191433
461,0.084750533,0.00492949,0.069142233,0.095053333
462,0.078533233,0.005140107,0.0692781,0.089040567
463,0.0849731,0.005105757,0.073423167,0.0895523
464,0.0895093,0.00452934,0.0768127,0.096207167
465,0.138348667,0.00576076,0.127346667,0.143903667
466,0.144305667,0.004685443,0.133824,0.153634667
467,0.150467,0.004329673,0.140947333,0.160303667
468,0.134839667,0.014462967,0.107190667,0.160217
469,0.15628,0.008848763,0.132348,0.166587667
470,0.166964333,0.00511019,0.156337,0.179341
471,0.0714416,0.006266383,0.061358833,0.0837304
472,0.0804184,0.006264567,0.067261233,0.0894352
473,0.0865437,0.004103457,0.074748967,0.092569767
474,0.141322333,0.005781903,0.125285667,0.14752
475,0.147851,0.004223093,0.136916,0.152140667
476,0.151050333,0.003436259,0.135009667,0.153475667
477,0.127353,0.012837667,0.105965233,0.147613667
478,0.146625,0.011922547,0.119193667,0.172988333
479,0.164468,0.010907693,0.139960667,0.178794333
480,0.117726667,0.009067753,0.096792433,0.137694333
481,0.129857333,0.009105577,0.104386367,0.138504667
482,0.136828667,0.00516162,0.112395333,0.14443
483,0.075555733,0.00336553,0.071473767,0.082461333
484,0.080711933,0.005220367,0.066736,0.087559333
485,0.086432967,0.004644987,0.075252967,0.095325433
486,0.087866133,0.003932827,0.081792233,0.0944313
487,0.092585633,0.003540547,0.0840791,0.096836433
488,0.096207,0.00279889,0.089013067,0.101216733
489,0.133782667,0.004990323,0.123545,0.145516667
490,0.139613,0.005438113,0.134501,0.150147
491,0.146011,0.00464552,0.134501,0.150688667
492,0.120486333,0.003844087,0.110075333,0.127861
493,0.122945,0.003698507,0.106344,0.127861
494,0.126306333,0.002696156,0.119728333,0.131153667
495,0.109359667,0.001516315,0.100758,0.110850333
496,0.109624,0.00221797,0.0993907,0.110850333
497,0.112157,0.003997863,0.103103267,0.120079333
498,0.146110333,0.01047448,0.130995333,0.162036667
499,0.162941,0.01138792,0.143327667,0.190007
500,0.179142667,0.011468053,0.156041333,0.192982
501,0.131136333,0.011005177,0.100262433,0.144153667
502,0.139685333,0.005261367,0.120816,0.145781
503,0.144368,0.00298434,0.135968667,0.147842667
504,0.154352333,0.01170572,0.129410667,0.165430667
505,0.165475667,0.005624397,0.153868667,0.178357
506,0.174579,0.005889823,0.163499333,0.181593333
507,0.069988667,0.006936997,0.0434579,0.0771893
508,0.075384433,0.003173393,0.0634042,0.078252133
509,0.078936767,0.003070077,0.0739567,0.087476567
510,0.0762668,0.00483244,0.068074767,0.0863267
511,0.082120167,0.004230123,0.070903967,0.087156133
512,0.086030533,0.003268147,0.078436267,0.0910678
513,0.125954,0.015252733,0.101853667,0.152051333
514,0.146467667,0.009608573,0.120657667,0.161356333
515,0.159835667,0.007994717,0.137962,0.169818667
516,0.065276033,0.009677803,0.045226833,0.0798474
517,0.076448433,0.005706963,0.0598841,0.082615433
518,0.0819842,0.003017097,0.0720526,0.0872854
519,0.112870333,0.00887504,0.0972488,0.123252333
520,0.121630667,0.005729377,0.106463,0.127101333
521,0.125459,0.002418127,0.117506333,0.127986
522,0.139887333,0.008623103,0.125052333,0.155788333
523,0.153342667,0.007750597,0.133030667,0.165297667
524,0.164292,0.00655267,0.149193667,0.180177667
525,0.163966,0.010027903,0.141474667,0.183118333
526,0.175433667,0.009279223,0.153638333,0.186669667
527,0.184364667,0.00651857,0.161608667,0.196711333
528,0.079987833,0.007233297,0.069359333,0.091942367
529,0.091375933,0.00790619,0.077042,0.106324667
530,0.102095333,0.007400297,0.084841467,0.116611
531,0.0754816,0.00662074,0.0604268,0.084978233
532,0.0821847,0.00452188,0.0699775,0.0877264
533,0.0863216,0.002886357,0.075357067,0.091430933
534,0.1119495,0.008242097,0.096470233,0.124583333
535,0.122508,0.006918663,0.1087927,0.136479333
536,0.130643,0.006183487,0.115939,0.137783
537,0.093339267,0.00670638,0.071593233,0.103997033
538,0.0996828,0.005482907,0.089067733,0.108246667
539,0.105723,0.004115343,0.093856,0.108246667
540,0.148391333,0.003409176,0.144308667,0.154031667
541,0.152465,0.00371172,0.144449333,0.156527333
542,0.156053333,0.00255474,0.149661333,0.162792333
543,0.12507,0.012047667,0.1016163,0.142297
544,0.143581333,0.01037029,0.124525667,0.164354333
545,0.160759333,0.00862389,0.140753,0.171939667
546,0.121124,0.006939313,0.103155467,0.129196667
547,0.127830333,0.003560367,0.115301333,0.131754333
548,0.132796667,0.00467506,0.123898,0.144435
549,0.158004333,0.01188215,0.132876333,0.171147333
550,0.169401,0.006496823,0.150960333,0.179403333
551,0.175843,0.00475331,0.158192333,0.180782333
552,0.139582667,0.006653443,0.123518667,0.145474667
553,0.143687,0.0036816,0.129181667,0.147000333
554,0.146374,0.00174531,0.143001667,0.149304667
555,0.076200533,0.003259067,0.070207733,0.0835392
556,0.079818367,0.003494183,0.0740289,0.085217033
557,0.084558233,0.003130423,0.076793733,0.091566533
558,0.143146,0.005870073,0.128448,0.150737667
559,0.149438,0.005831013,0.136023667,0.159818
560,0.155698333,0.00605148,0.139585667,0.163688
561,0.154230667,0.012132833,0.133757333,0.177105333
562,0.170528,0.01047353,0.144280667,0.191312
563,0.184156667,0.00877367,0.167872,0.197949333
564,0.0658834,0.006304467,0.046570533,0.0740621
565,0.0741431,0.00682734,0.0613695,0.088932533
566,0.0832082,0.006362013,0.068766167,0.089540667
567,0.157685333,0.012184667,0.127901333,0.171686667
568,0.170089667,0.00624401,0.157054667,0.182352667
569,0.177789333,0.005364773,0.160760333,0.184099
570,0.138413,0.00789817,0.1071104,0.149271667
571,0.146407667,0.00515976,0.134869,0.156544
572,0.151717333,0.003618243,0.141351333,0.157210333
573,0.092431533,0.005258713,0.0788477,0.1020149
574,0.100111733,0.005138337,0.091881067,0.107926
575,0.106177667,0.005062333,0.090249967,0.114834
576,0.095687333,0.006604147,0.083859233,0.103745767
577,0.101658567,0.003698097,0.089612867,0.103745767
578,0.1037707,0.001440757,0.0990967,0.1069249
579,0.117712667,0.001216638,0.117118667,0.120605333
580,0.119972,0.001757513,0.117118667,0.122644333
581,0.122106333,0.001368682,0.117489333,0.124030333
582,0.125104667,0.002015144,0.115889,0.129315333
583,0.126778667,0.001727735,0.124924667,0.129507667
584,0.129166667,0.0016306,0.124935,0.132416
585,0.144536333,0.00231649,0.140055,0.147442667
586,0.146547667,0.001973137,0.14205,0.149981333
587,0.148765,0.002168583,0.145752333,0.152580333
588,0.135721667,0.004240393,0.125883667,0.140278333
589,0.140900667,0.005356867,0.128145,0.154197333
590,0.148998,0.006513437,0.138444333,0.159193
591,0.139421333,0.00822638,0.124957333,0.157509667
592,0.153901667,0.007495353,0.133935667,0.166477667
593,0.165924333,0.008485137,0.152144333,0.186230667
594,0.167607667,0.006731047,0.147552667,0.176871333
595,0.174329,0.006629947,0.156326333,0.183747667
596,0.182214333,0.005769893,0.170418333,0.19116
597,0.099913733,0.008092693,0.0815187,0.109843133
598,0.109928667,0.006322947,0.0969744,0.121797667
599,0.118337,0.005685877,0.1040789,0.126294333
600,0.062922233,0.00698407,0.0504325,0.0755377
601,0.0717922,0.005408657,0.054854667,0.077331767
602,0.076915133,0.003078113,0.065811833,0.082478633
603,0.086868267,0.003033412,0.080170133,0.091355867
604,0.090789067,0.00253259,0.086062767,0.094973267
605,0.093831067,0.00277087,0.084973067,0.097366833
606,0.095198167,0.002784803,0.090925467,0.0996207
607,0.0986797,0.00277147,0.092183967,0.102597
608,0.100925967,0.002153137,0.0964487,0.102715667
609,0.138472,0.010360203,0.124893333,0.160076667
610,0.154000333,0.009271937,0.132082667,0.168314
611,0.166169667,0.00944222,0.145651667,0.181268333
612,0.173365667,0.005799773,0.159986667,0.186033333
613,0.182352667,0.00742276,0.170643,0.193616667
614,0.190771333,0.007021327,0.174577,0.201242333
615,0.060662,0.00558483,0.0504368,0.074116333
616,0.0688236,0.00601655,0.057407867,0.077082267
617,0.0763015,0.003796407,0.0670619,0.0824632
618,0.0929161,0.002884043,0.084191133,0.097628333
619,0.096715867,0.003234873,0.090508533,0.1036631
620,0.1024359,0.00628803,0.092700067,0.114384667
621,0.109441667,0.008002363,0.093836133,0.125026
622,0.119642667,0.007270617,0.1040639,0.125702667
623,0.124817,0.001816398,0.119078333,0.127683333
624,0.131698667,0.01019522,0.11703,0.149493667
625,0.149050333,0.00808935,0.12612,0.164481
626,0.164056,0.00916563,0.143476,0.179931667
627,0.0705149,0.007590873,0.0495256,0.0794234
628,0.078952267,0.005313027,0.063922467,0.0912169
629,0.084949433,0.00503669,0.075533567,0.0925219
630,0.089569867,0.00519381,0.079215867,0.0978414
631,0.0946643,0.00398417,0.0824009,0.0981866
632,0.098079167,0.002523327,0.092179167,0.103135667
633,0.134557333,0.012439483,0.117099,0.158786667
634,0.152348333,0.010182733,0.126349667,0.163552333
635,0.162188667,0.003992517,0.15178,0.170105333
636,0.0490371,0.005370823,0.034359933,0.057586433
637,0.0548809,0.004752683,0.0476055,0.0667464
638,0.061627933,0.006722487,0.050289667,0.0736168
639,0.128485,0.01086797,0.101998133,0.141401
640,0.138450333,0.00672707,0.112766,0.146707333
641,0.144488,0.00382749,0.134471667,0.148806
642,0.123064333,0.004410867,0.104144533,0.126967667
643,0.126042333,0.001833603,0.122242667,0.129746667
644,0.128553,0.003089683,0.122244667,0.135045
645,0.142649333,0.005278427,0.125319333,0.152093
646,0.148355333,0.005047813,0.135868333,0.158169
647,0.152594,0.004638007,0.140267333,0.159379
648,0.150459,0.002564374,0.14534,0.154335333
649,0.153606667,0.003023035,0.148995,0.159520667
650,0.157024667,0.003363322,0.148074333,0.161816667
651,0.106933933,0.00192466,0.102074967,0.110197
652,0.1090325,0.0035694,0.095502633,0.118296
653,0.114017,0.00417123,0.1073796,0.120479333
654,0.129840333,0.0180888,0.099977,0.163514667
655,0.156399333,0.014030033,0.117640667,0.177256667
656,0.173011,0.011528907,0.142766,0.190906
657,0.056354133,0.007746893,0.042789633,0.068169867
658,0.066754,0.005971583,0.050033033,0.076021833
659,0.073225,0.00451521,0.060325633,0.0803486
660,0.0925554,0.005250663,0.0805326,0.100654933
661,0.098729433,0.005321327,0.0870358,0.108171333
662,0.1051483,0.004408167,0.092756633,0.110537
663,0.139964333,0.01121386,0.118554333,0.161791
664,0.157504667,0.009648433,0.136777,0.171201667
665,0.170219667,0.007063603,0.151566667,0.183458333
666,0.159481667,0.00990329,0.142153,0.177811667
667,0.173148667,0.00713934,0.152005667,0.183102333
668,0.180698,0.00533364,0.160803,0.190726
669,0.133813333,0.006987847,0.116542333,0.142597667
670,0.141996333,0.004843203,0.132156333,0.151690667
671,0.149764,0.007519053,0.138752667,0.166968333
672,0.132443667,0.00899635,0.116805667,0.14626
673,0.143551333,0.010272353,0.123955333,0.162272333
674,0.154235667,0.008095257,0.133177667,0.163235667
675,0.138141,0.00364632,0.123902667,0.140135
676,0.140166333,0.00066157,0.137953333,0.14168
677,0.141474333,0.00240848,0.138915,0.146284667
678,0.071306533,0.002274188,0.0696514,0.077379333
679,0.0753759,0.0038578,0.0697493,0.0818016
680,0.0798383,0.004590473,0.071862567,0.089849833
681,0.0902863,0.004398267,0.078707733,0.0979116
682,0.0959954,0.003104563,0.090906267,0.0992873
683,0.0986843,0.001938017,0.091539767,0.1010095
684,0.145864333,0.00540813,0.132104,0.152115
685,0.149281333,0.00613603,0.129459333,0.157715
686,0.155295,0.004051041,0.145806333,0.161842667
687,0.0965463,0.001915808,0.092989733,0.100852867
688,0.0997534,0.004579293,0.091199233,0.109411467
689,0.1048725,0.004992773,0.0927522,0.111102633
690,0.133129333,0.013985557,0.1118835,0.163340667
691,0.155196667,0.011532043,0.131359,0.172868
692,0.173987667,0.013512467,0.149200333,0.202320667
693,0.106353233,0.005343257,0.0924605,0.113618667
694,0.112767333,0.003992893,0.101258367,0.118706
695,0.118136,0.003163077,0.111146667,0.122765667
696,0.0613326,0.005718957,0.053681367,0.073100367
697,0.069325667,0.00506945,0.053561067,0.0752169
698,0.076405,0.005646523,0.0662075,0.092259167
699,0.089643133,0.006344633,0.074397633,0.098890933
700,0.096201767,0.004113893,0.082703267,0.102076933
701,0.099579067,0.0042909,0.0805368,0.106933633